Metric,Precision,Recall,F1-Score,ROC-AUC,NDCG,Precision@30,Recall@30,Computation Time (s)
Katz,0.4,0.3870967741935484,0.39344262295081966,0.9854617972567705,0.6687202576676932,0.4,0.3870967741935484,0.11893200874328613
Eigenvector,0.3333333333333333,0.3225806451612903,0.32786885245901637,0.8554856977576155,0.5992058596645908,0.3333333333333333,0.3225806451612903,0.2614881992340088
Degree,0.0,0.0,0.0,0.9128240649119335,0.43288462977151027,0.0,0.0,0.0003867149353027344
Betweenness,0.0,0.0,0.0,0.3085219747598532,0.3161267130166103,0.0,0.0,0.6242058277130127
Closeness,0.0,0.0,0.0,0.0,0.29938543304499904,0.0,0.0,5.939475059509277
Pagerank,0.0,0.0,0.0,0.9234575043005678,0.4442176741864886,0.0,0.0,0.007980108261108398
Composite,0.0,0.0,0.0,0.5014690435232687,0.35572947166501473,0.0,0.0,0.0
